Student_ID,Attendance,Study_Hours,Previous_Score,Assignment_Score,Sleep_Hours,Participation,Final_Score
1001,88,5.5,91,74,4.8,7,79.46
1002,78,4.4,73,80,7.2,4,72.04
1003,64,5.1,53,98,8.0,7,62.14
1004,92,6.2,75,53,8.7,7,68.11
1005,57,4.9,72,69,5.7,1,57.39
1006,70,5.1,62,80,7.6,6,63.96
1007,88,5.0,89,43,6.7,9,73.3
1008,68,3.7,84,98,4.3,2,70.27
1009,72,3.4,41,43,7.4,3,55.81
1010,60,7.3,80,67,7.5,10,81.87
1011,60,5.3,60,47,8.7,5,54.51
1012,73,2.7,41,41,6.5,9,50.54
1013,85,4.5,66,80,5.2,4,64.4
1014,89,3.3,48,100,4.2,1,56.3
1015,73,7.5,40,85,6.1,4,61.52
1016,52,1.1,50,61,5.5,6,55.23
1017,71,2.6,42,80,7.8,5,56.59
1018,51,3.6,91,95,5.8,1,64.05
1019,73,4.4,62,94,8.7,4,71.15
1020,93,7.0,65,55,8.8,6,76.91
1021,79,1.6,43,68,7.1,10,63.69
1022,87,6.6,57,88,8.6,10,76.81
1023,51,1.4,94,87,7.8,4,64.95
1024,70,6.9,45,69,6.7,9,64.47
1025,82,1.4,74,51,4.9,5,55.37
1026,61,1.1,61,74,6.3,8,56.78
1027,71,5.9,82,50,6.8,9,73.0
1028,93,8.0,54,85,8.3,10,84.26
1029,74,7.3,61,89,6.4,5,78.66
1030,98,5.0,76,60,8.5,6,70.84
1031,76,7.4,91,60,7.4,1,74.47
1032,91,1.0,81,44,4.7,7,55.57
1033,77,7.8,51,87,9.0,4,88.65
1034,65,4.4,86,59,6.6,2,58.4
1035,64,6.1,88,76,6.0,5,70.08
1036,96,6.7,81,42,7.3,3,76.07
1037,100,6.0,77,83,4.5,6,77.2
1038,93,4.7,57,72,7.2,8,75.42
1039,52,4.3,84,92,6.5,7,71.93
1040,86,6.9,74,100,6.0,3,77.27
1041,100,2.4,69,48,8.8,8,61.98
1042,56,7.8,63,100,6.6,2,68.17
1043,70,6.0,81,48,5.1,10,69.72
1044,58,2.4,69,43,6.3,9,55.08
1045,88,6.2,53,74,8.6,4,65.77
1046,67,4.7,45,56,4.9,1,50.78
1047,53,6.0,42,73,5.1,8,56.06
1048,74,6.4,55,63,4.1,7,70.21
1049,63,1.6,46,71,4.1,5,54.31
1050,99,4.5,91,40,8.1,10,72.78
1051,58,7.5,53,47,7.7,5,58.48
1052,75,3.2,48,84,5.8,7,62.91
1053,51,5.2,54,62,7.5,5,64.59
1054,69,3.6,60,86,6.0,8,73.77
1055,77,4.2,74,79,8.8,6,64.08
1056,96,4.8,41,51,8.8,5,66.57
1057,56,4.8,66,93,6.0,9,70.33
1058,93,2.4,41,51,8.3,2,51.45
1059,57,5.8,74,85,7.9,1,69.31
1060,96,1.6,57,86,5.5,8,63.3
1061,84,2.0,53,54,5.2,3,57.22
1062,63,1.0,59,80,6.3,7,63.47
1063,66,1.8,57,58,7.9,10,65.25
1064,85,4.3,49,65,8.8,8,56.67
1065,99,5.2,64,91,7.8,6,76.19
1066,89,6.6,41,68,8.3,10,63.08
1067,53,1.7,64,61,7.0,9,52.11
1068,51,7.0,93,79,8.2,7,66.32
1069,55,6.2,72,60,7.9,10,73.14
1070,91,3.9,75,90,5.9,5,74.07
1071,53,7.5,70,77,6.8,8,71.86
1072,78,7.9,53,59,8.0,2,62.89
1073,67,2.4,40,96,4.2,7,59.5
1074,75,3.7,85,68,8.0,4,62.49
1075,93,7.5,55,90,4.9,9,75.42
1076,83,6.1,93,43,6.6,1,62.35
1077,59,1.3,85,94,8.0,7,65.53
1078,85,6.5,91,46,5.3,6,71.23
1079,63,6.8,42,67,5.2,8,62.47
1080,80,6.3,74,67,6.0,5,74.59
1081,97,6.6,80,43,8.5,1,75.04
1082,64,6.8,45,61,4.0,1,63.72
1083,57,2.3,64,51,8.5,9,57.37
1084,63,2.6,52,84,4.8,10,63.3
1085,72,5.4,92,42,9.0,6,71.24
1086,89,7.4,73,61,8.8,10,73.27
1087,70,3.2,47,83,6.5,5,57.11
1088,65,5.1,60,41,6.6,1,51.79
1089,94,5.8,73,63,6.4,6,71.15
1090,67,4.2,43,73,7.2,6,59.05
1091,96,6.0,64,66,4.5,3,67.8
1092,73,7.3,54,94,4.2,8,70.55
1093,75,5.4,43,80,4.3,1,57.88
1094,74,4.8,84,40,6.2,1,57.05
1095,94,4.1,51,47,5.4,6,47.1
1096,90,5.0,71,62,7.1,10,67.61
1097,78,3.5,71,77,9.0,1,63.94
1098,64,3.7,67,45,5.9,6,62.54
1099,94,4.7,52,61,6.9,1,48.45
1100,50,1.5,70,64,6.1,6,49.09
1101,74,2.6,53,57,8.2,3,55.66
1102,56,4.8,59,56,8.5,8,66.26
1103,58,4.0,57,100,8.4,6,64.42
1104,73,3.3,68,51,8.9,1,52.58
1105,50,6.1,45,45,4.1,5,58.88
1106,93,5.9,71,65,8.2,8,80.64
1107,57,2.2,68,66,7.8,3,58.73
1108,73,7.2,82,47,5.1,6,68.99
1109,60,4.5,41,58,8.8,5,60.56
1110,100,6.2,62,99,4.7,6,69.69
1111,66,5.0,58,81,7.4,10,76.17
1112,57,8.0,70,40,5.1,1,60.4
1113,84,6.3,90,96,6.2,7,85.34
1114,84,5.9,44,68,7.6,9,64.65
1115,82,6.5,58,84,6.8,2,60.66
1116,54,2.0,73,88,6.1,10,65.58
1117,91,2.4,49,74,5.6,5,62.12
1118,88,6.0,64,79,8.2,10,82.47
1119,90,4.5,41,53,4.7,4,59.69
1120,77,6.3,50,74,6.2,6,69.74
1121,56,1.7,89,87,8.5,6,61.2
1122,58,4.8,70,84,8.2,2,68.29
1123,57,3.7,95,59,6.0,2,56.36
1124,61,4.2,54,95,7.8,4,69.07
1125,83,5.2,48,88,8.1,1,64.28
1126,82,4.5,62,52,8.4,9,66.96
1127,97,4.8,58,100,6.7,7,80.95
1128,72,4.4,48,77,5.0,7,67.59
1129,73,3.9,74,88,5.3,3,70.25
1130,86,6.4,60,85,5.5,3,67.15
1131,84,1.1,48,88,7.0,1,57.85
1132,93,5.2,67,47,4.2,3,59.01
1133,89,5.0,85,82,7.2,3,78.89
1134,71,6.0,90,59,5.8,4,63.6
1135,76,5.2,46,99,5.5,4,66.09
1136,84,6.8,55,72,8.4,3,65.51
1137,50,7.7,55,65,6.3,10,73.85
1138,84,3.4,72,78,4.5,8,74.98
1139,86,2.6,43,60,8.1,8,59.94
1140,96,4.0,43,92,4.2,1,62.51
1141,63,3.0,78,88,7.6,7,71.94
1142,52,5.3,79,81,7.9,2,71.59
1143,50,7.4,56,82,5.8,1,63.31
1144,54,2.0,76,93,8.1,3,58.4
1145,75,1.7,78,80,6.6,4,65.65
1146,63,2.8,91,48,6.3,6,52.16
1147,88,6.1,68,63,4.2,10,79.33
1148,76,5.2,91,76,5.5,5,70.65
1149,58,1.7,75,88,8.7,4,59.83
1150,64,7.4,77,80,6.0,8,82.46
1151,64,6.5,78,56,6.7,4,65.39
1152,75,1.2,89,63,6.7,10,69.81
1153,91,5.6,76,60,7.0,2,74.78
1154,62,6.4,91,90,4.3,3,75.09
1155,100,3.6,74,98,5.8,6,77.88
1156,81,1.5,46,78,7.6,8,58.68
1157,88,1.5,66,94,5.0,8,68.01
1158,98,1.7,67,80,5.0,9,62.8
1159,81,6.9,61,78,4.1,7,72.11
1160,53,7.4,53,52,6.2,2,51.75
1161,79,1.9,46,50,8.4,8,50.22
1162,86,2.7,76,85,4.3,7,59.32
1163,72,2.2,61,58,5.0,8,58.85
1164,88,2.3,44,50,5.6,3,58.92
1165,94,6.9,94,52,7.7,7,78.95
1166,64,3.3,41,85,7.2,10,67.13
1167,92,3.2,66,84,6.1,9,77.72
1168,78,2.6,60,40,7.8,3,46.44
1169,85,5.3,93,79,7.0,10,78.27
1170,62,3.7,77,83,8.5,6,73.18
1171,81,6.2,54,58,8.1,2,62.84
1172,56,2.4,60,51,5.3,2,40.89
1173,100,6.5,49,47,5.4,5,62.72
1174,71,5.2,62,47,4.6,5,61.75
1175,77,1.8,95,100,5.7,7,69.85
1176,51,3.9,78,92,9.0,2,50.98
1177,91,7.0,44,84,6.0,7,72.22
1178,94,7.5,40,51,5.1,5,64.38
1179,55,4.3,52,100,7.8,6,65.13
1180,77,4.4,60,87,6.7,8,76.82
1181,77,7.4,65,72,4.7,10,77.43
1182,93,5.1,89,84,5.9,4,78.89
1183,93,1.2,84,65,6.1,7,71.27
1184,69,7.4,60,78,7.8,6,73.29
1185,79,2.7,92,67,4.1,10,81.91
1186,60,5.0,57,97,5.3,2,56.78
1187,77,2.2,76,44,6.6,8,55.7
1188,74,1.2,84,47,5.3,10,64.21
1189,88,3.2,71,64,7.1,9,75.37
1190,82,6.5,75,66,6.4,5,72.15
1191,50,2.9,56,85,5.8,10,56.42
1192,76,2.5,74,62,8.7,4,69.99
1193,62,2.5,88,69,7.2,6,60.49
1194,90,4.6,50,84,4.6,8,71.05
1195,52,7.8,60,86,6.8,3,75.45
1196,88,4.2,91,62,7.9,10,75.43
1197,55,4.9,94,88,7.5,1,66.41
1198,57,7.0,92,86,4.9,4,73.05
1199,76,4.7,65,59,8.9,4,68.45
1200,58,2.3,43,57,6.2,1,49.25
1201,86,3.1,73,57,4.8,9,66.44
1202,82,3.2,91,41,4.9,3,70.49
1203,100,3.8,87,43,4.5,5,67.51
1204,91,4.0,57,69,8.0,6,73.16
1205,93,6.6,79,72,4.6,8,77.65
1206,73,3.4,74,75,4.6,6,76.82
1207,64,4.3,80,57,8.3,3,70.41
1208,81,5.4,68,76,5.7,6,70.43
1209,81,3.6,91,58,4.2,1,70.06
1210,73,6.9,68,86,4.3,4,79.36
1211,90,5.1,77,67,4.7,6,79.78
1212,98,3.1,81,79,5.1,7,60.82
1213,98,6.0,60,59,7.3,10,79.05
1214,61,4.7,81,88,4.8,3,70.18
1215,88,4.7,52,72,4.6,9,70.66
1216,51,4.4,88,51,7.8,7,65.83
1217,52,4.5,80,97,7.4,1,67.4
1218,98,6.4,56,90,6.2,2,79.46
1219,86,1.7,95,54,6.7,1,63.42
1220,98,3.3,48,80,5.6,9,69.05
1221,66,1.5,80,78,6.4,9,70.8
1222,98,6.3,40,41,6.5,7,66.25
1223,51,2.9,41,68,5.9,10,57.15
1224,51,7.3,87,80,8.5,3,83.26
1225,77,4.7,68,49,4.1,5,59.06
1226,72,6.6,72,41,7.9,4,57.91
1227,86,7.9,49,90,4.6,7,77.12
1228,81,6.9,89,50,8.0,9,80.22
1229,82,7.1,79,52,7.1,2,73.85
1230,50,3.9,60,49,8.2,8,57.64
1231,68,4.9,67,53,4.5,9,68.48
1232,51,2.8,50,57,6.8,10,67.4
1233,93,2.4,94,90,6.5,10,83.72
1234,75,4.5,73,93,7.5,9,81.15
1235,81,5.2,47,48,6.7,10,63.62
1236,55,3.4,61,96,6.7,7,57.75
1237,81,5.0,47,78,6.1,9,56.95
1238,53,7.2,88,67,5.5,9,73.46
1239,60,4.9,54,42,6.4,3,39.8
1240,66,6.0,56,59,4.6,4,63.12
1241,87,6.6,62,45,8.8,2,63.37
1242,73,7.9,63,66,7.6,10,70.96
1243,54,5.2,84,92,8.8,3,71.74
1244,83,6.6,58,41,5.1,5,59.94
1245,55,7.7,44,68,8.4,5,66.77
1246,71,7.6,71,77,8.0,6,80.33
1247,60,2.0,83,42,7.4,7,53.75
1248,97,3.8,40,55,7.1,7,59.66
1249,65,3.3,62,69,5.6,1,55.74
1250,82,1.6,76,79,8.1,2,54.66
1251,58,5.4,47,41,6.5,9,58.74
1252,55,6.2,52,56,4.4,10,55.99
1253,65,6.9,47,80,5.6,2,65.94
1254,78,1.9,62,51,8.7,6,54.71
1255,52,7.1,82,74,8.3,1,61.88
1256,69,5.5,40,82,8.9,3,58.99
1257,85,5.9,84,40,7.1,2,64.01
1258,68,7.4,90,94,5.2,3,84.63
1259,75,5.4,63,84,4.8,5,69.58
1260,52,3.4,74,54,4.9,10,56.14
1261,68,6.8,63,65,4.1,6,75.87
1262,69,3.5,56,76,6.0,9,67.22
1263,81,1.2,44,60,5.0,10,53.3
1264,56,6.8,59,88,6.1,4,60.17
1265,90,3.4,60,70,8.7,7,65.21
1266,82,6.4,79,64,6.2,6,73.29
1267,89,3.5,70,62,8.4,2,64.96
1268,88,7.0,85,63,7.0,10,85.88
1269,67,2.5,75,96,5.2,8,72.52
1270,89,7.8,50,77,5.8,7,67.36
1271,50,6.5,91,67,4.4,7,72.89
1272,60,1.8,54,60,5.7,8,52.37
1273,77,5.0,58,93,7.4,1,79.5
1274,74,7.9,46,82,4.4,1,66.22
1275,99,4.3,90,57,5.0,8,72.11
1276,72,2.3,67,75,5.9,4,59.73
1277,80,4.4,90,74,8.9,5,74.2
1278,79,4.6,82,84,7.9,8,67.04
1279,91,6.2,44,94,7.7,5,74.82
1280,84,5.9,44,48,4.6,10,63.15
1281,56,3.8,69,92,7.9,4,64.61
1282,65,2.5,93,77,7.9,6,63.92
1283,75,5.5,71,97,7.0,5,69.32
1284,97,4.0,47,69,9.0,7,71.34
1285,98,1.9,49,99,5.6,10,75.05
1286,51,7.3,77,83,8.7,7,78.22
1287,50,5.8,86,73,8.6,4,60.32
1288,97,5.8,71,71,4.1,5,75.54
1289,61,6.8,87,42,6.3,3,56.87
1290,54,4.7,67,42,8.9,4,53.34
1291,86,6.7,56,67,4.5,4,72.18
1292,81,4.5,70,83,6.7,3,71.56
1293,58,1.5,47,54,8.9,10,55.13
1294,90,3.8,79,80,6.8,5,78.59
1295,84,4.5,64,62,4.9,5,66.97
1296,68,6.0,48,79,6.9,7,57.14
1297,97,1.7,41,50,5.0,4,48.83
1298,65,2.0,54,87,6.6,4,56.36
1299,52,2.8,89,71,4.4,9,64.5
1300,69,2.9,42,97,7.0,6,57.75
1301,73,6.1,88,98,6.6,4,73.97
1302,82,2.8,75,96,7.7,2,79.63
1303,73,5.4,43,93,7.2,6,65.51
1304,60,4.5,53,75,6.7,2,68.98
1305,98,5.0,80,99,7.4,5,75.3
1306,57,6.9,80,72,4.7,6,74.95
1307,85,3.8,64,63,7.0,4,64.14
1308,87,6.4,94,78,4.9,3,73.61
1309,89,4.0,89,73,8.6,7,74.09
1310,69,3.5,49,95,4.3,2,58.11
1311,84,7.7,60,67,6.2,6,69.67
1312,97,2.3,75,76,7.5,4,65.99
1313,74,1.6,51,46,6.3,6,38.43
1314,84,6.4,66,43,4.5,4,67.96
1315,74,1.5,79,76,6.8,4,67.41
1316,78,6.9,41,95,7.2,4,72.37
1317,67,4.1,93,40,7.5,9,79.39
1318,95,7.4,52,40,5.9,7,72.19
1319,67,6.1,92,86,6.8,3,81.34
1320,51,5.3,71,59,6.3,3,65.69
1321,84,7.6,70,58,7.4,6,61.26
1322,65,3.8,55,68,6.9,6,61.8
1323,90,7.7,71,49,6.6,4,65.55
1324,85,1.9,71,99,5.2,9,65.28
1325,82,4.4,73,57,4.0,4,58.24
1326,53,2.9,50,67,4.9,9,53.91
1327,82,4.8,49,74,4.6,4,65.26
1328,63,2.1,54,82,6.2,2,55.36
1329,70,6.9,56,86,7.1,2,68.33
1330,97,6.9,79,70,5.1,5,81.85
1331,69,7.7,57,66,8.7,4,73.25
1332,57,2.1,94,50,4.0,7,61.59
1333,56,5.4,48,88,7.9,5,55.07
1334,52,4.3,64,88,7.1,6,61.0
1335,66,3.4,79,77,5.9,10,70.26
1336,82,3.5,53,44,4.3,4,57.26
1337,97,3.9,64,47,7.1,2,53.85
1338,61,5.9,89,73,5.9,10,77.02
1339,100,5.2,61,87,8.7,9,71.66
1340,71,4.2,91,91,6.7,10,84.5
1341,71,1.5,69,95,8.7,7,67.25
1342,95,1.5,59,51,5.1,4,47.8
1343,79,1.0,60,77,7.6,3,49.16
1344,87,7.8,83,40,7.1,10,81.53
1345,87,1.0,71,70,7.7,3,65.8
1346,94,1.7,90,43,5.1,9,60.5
1347,100,3.2,85,88,7.3,5,79.84
1348,57,6.7,88,84,6.5,3,70.85
1349,76,7.7,95,89,7.7,5,89.39
1350,76,6.5,60,44,5.6,2,63.78
1351,83,5.8,74,69,8.5,4,72.9
1352,70,4.6,71,95,4.4,10,65.52
1353,79,1.6,69,63,8.0,2,59.5
1354,82,7.7,94,98,8.3,2,87.87
1355,77,6.3,78,42,8.1,8,73.6
1356,96,5.5,88,50,6.6,1,70.6
1357,82,6.3,51,84,6.2,7,67.75
1358,54,6.1,80,43,9.0,5,70.06
1359,97,5.5,86,65,5.1,8,82.97
1360,68,7.9,57,66,6.7,1,60.15
1361,53,7.3,60,85,7.4,7,78.53
1362,84,5.5,52,93,7.5,5,71.98
1363,98,5.9,60,82,5.0,4,73.17
1364,66,1.4,47,66,7.3,7,51.82
1365,93,5.7,85,81,8.1,10,84.41
1366,77,1.3,79,90,4.3,2,67.64
1367,79,5.1,85,89,8.6,1,78.54
1368,78,8.0,46,45,4.1,1,64.44
1369,95,4.9,62,98,5.8,1,71.5
1370,55,4.3,83,100,4.1,5,74.22
1371,84,3.2,71,54,4.4,10,61.62
1372,90,1.8,50,92,8.6,7,68.09
1373,86,6.1,61,69,5.8,2,65.95
1374,73,2.3,61,81,6.1,10,54.89
1375,78,1.8,82,76,5.1,8,58.7
1376,98,4.0,64,97,7.0,4,69.57
1377,95,6.6,61,100,7.0,3,79.71
1378,80,6.2,67,76,5.9,10,73.42
1379,84,1.4,68,81,5.7,8,61.71
1380,82,4.2,52,99,8.4,2,70.18
1381,70,4.7,57,76,5.9,3,58.7
1382,81,5.5,41,74,6.5,3,68.27
1383,72,5.6,68,62,5.4,10,76.63
1384,82,3.6,60,45,7.9,1,54.9
1385,52,4.9,54,43,6.0,6,57.85
1386,67,4.4,91,57,6.6,2,67.3
1387,74,7.2,66,99,5.3,1,71.82
1388,91,4.7,89,48,8.9,2,73.05
1389,80,4.1,70,88,5.5,6,75.45
1390,52,3.8,54,68,7.9,4,50.63
1391,89,5.0,90,52,6.1,6,73.36
1392,95,6.6,62,98,5.0,9,83.09
1393,73,4.8,63,86,8.0,10,78.24
1394,99,5.6,83,91,5.7,10,83.7
1395,81,6.2,52,56,8.3,8,65.52
1396,96,4.6,61,84,8.6,1,69.37
1397,71,4.0,82,71,8.3,8,77.42
1398,72,7.1,76,87,4.2,9,73.89
1399,51,3.9,72,61,7.9,6,55.41
1400,76,4.2,95,43,6.1,10,68.84
1401,91,7.9,42,44,8.4,5,65.2
1402,51,1.0,93,76,7.2,6,52.32
1403,75,2.3,58,80,8.2,6,69.3
1404,66,3.7,62,88,6.5,9,67.51
1405,89,7.5,68,52,6.7,4,70.27
1406,82,1.5,69,73,4.7,2,64.72
1407,58,1.1,78,84,7.9,9,67.63
1408,92,1.4,83,61,6.1,2,57.56
1409,97,1.6,86,92,6.5,10,77.73
1410,88,1.3,64,98,7.9,9,69.63
1411,78,4.4,76,62,7.0,2,71.13
1412,91,5.1,86,90,5.0,8,80.39
1413,75,2.9,47,42,7.0,9,48.08
1414,84,3.8,81,81,6.0,10,66.7
1415,99,1.6,55,73,6.3,9,72.03
1416,74,3.4,47,71,4.1,10,57.58
1417,73,4.7,40,84,5.1,9,68.33
1418,62,6.1,83,90,5.4,2,71.76
1419,56,1.0,44,97,7.6,4,50.24
1420,85,4.3,42,88,4.1,7,63.83
1421,94,3.1,40,60,6.0,2,61.8
1422,69,7.0,43,85,8.6,1,57.59
1423,50,6.0,79,83,4.6,3,64.97
1424,57,5.1,74,60,6.6,4,66.85
1425,95,2.9,71,83,7.9,8,66.57
1426,65,7.4,81,50,8.7,6,79.17
1427,63,1.3,73,78,7.7,2,60.44
1428,61,1.8,82,43,7.6,9,60.38
1429,100,3.7,64,90,8.1,2,67.23
1430,72,1.9,49,40,6.2,5,40.79
1431,64,7.7,60,67,8.0,4,72.43
1432,77,6.6,85,63,4.0,7,88.72
1433,83,2.8,78,100,8.6,8,76.61
1434,51,5.1,66,74,6.2,5,53.56
1435,81,7.9,66,52,6.8,10,78.92
1436,72,7.2,41,86,5.3,5,72.1
1437,71,5.2,80,73,7.7,2,63.49
1438,100,7.3,87,50,4.4,8,77.22
1439,74,7.9,52,75,8.4,2,65.48
1440,71,6.2,48,90,8.1,10,71.54
1441,71,1.5,91,100,5.1,6,68.67
1442,98,3.8,75,56,8.0,8,67.19
1443,91,6.9,61,74,7.9,6,69.71
1444,55,2.6,81,99,7.2,4,66.42
1445,64,6.8,65,57,5.9,4,63.81
1446,92,1.8,93,79,5.4,6,68.77
1447,86,1.3,51,61,5.2,4,52.7
1448,82,3.7,56,96,5.6,8,62.36
1449,57,1.3,53,63,8.5,9,55.54
1450,93,7.7,53,97,4.4,1,71.87
1451,93,6.8,73,58,8.1,4,75.15
1452,54,6.6,92,76,5.7,4,74.66
1453,88,5.4,59,78,6.6,2,72.77
1454,53,2.5,50,60,8.0,6,52.31
1455,55,4.6,55,47,8.4,3,58.65
1456,94,5.2,90,67,5.7,7,76.26
1457,81,4.7,70,44,6.3,5,61.38
1458,79,2.8,94,56,6.1,4,64.43
1459,96,4.6,45,76,4.1,5,68.3
1460,84,4.4,95,75,5.5,8,80.76
1461,89,8.0,58,93,6.3,3,78.08
1462,65,7.3,76,58,6.1,7,66.1
1463,62,4.2,43,66,7.6,6,60.14
1464,99,5.4,86,92,5.9,1,73.17
1465,91,6.2,43,73,6.4,7,65.03
1466,79,1.2,59,50,6.1,7,48.25
1467,68,7.3,49,93,7.7,1,67.56
1468,66,7.0,63,84,8.3,9,82.92
1469,68,4.2,93,86,6.7,6,69.45
1470,77,3.7,74,51,7.9,2,68.13
1471,75,2.9,65,93,5.5,5,69.7
1472,86,4.3,76,60,6.7,4,59.35
1473,75,1.3,77,93,5.7,7,64.35
1474,72,7.0,60,50,6.1,8,63.09
1475,58,1.2,93,78,7.7,1,62.05
1476,61,3.3,79,67,8.4,5,58.33
1477,50,7.5,78,44,4.6,3,54.5
1478,50,6.1,60,56,7.2,1,54.82
1479,96,3.0,49,95,6.9,3,70.63
1480,83,2.8,77,59,4.6,6,62.24
1481,81,1.0,85,80,5.1,7,67.78
1482,97,5.9,43,85,5.6,8,75.2
1483,74,1.3,84,97,4.8,4,57.56
1484,89,4.7,59,51,5.2,3,55.89
1485,94,7.7,56,45,5.3,5,69.03
1486,50,1.8,94,56,5.7,9,58.58
1487,65,7.3,46,90,7.7,6,79.55
1488,88,7.9,43,58,6.9,9,66.39
1489,54,1.4,68,65,8.9,6,50.7
1490,71,7.2,53,87,6.1,2,69.69
1491,78,4.6,42,83,7.8,5,60.39
1492,52,7.3,63,83,8.4,9,60.21
1493,61,5.0,76,91,7.4,8,83.68
1494,75,5.6,55,71,6.1,7,61.97
1495,65,4.8,94,45,7.8,1,65.64
1496,100,7.1,91,94,5.0,4,79.81
1497,86,6.1,43,97,5.6,7,68.4
1498,71,4.6,95,75,6.7,7,67.06
1499,78,7.1,63,77,6.9,6,70.63
1500,63,2.7,73,50,4.1,8,54.66
1501,77,2.1,69,72,8.7,6,62.47
1502,54,2.1,57,63,7.5,10,55.2
1503,96,3.3,58,62,6.5,3,53.75
1504,98,2.7,70,54,8.7,4,60.86
1505,79,7.5,58,66,6.2,3,75.93
1506,95,1.7,88,50,8.9,1,67.84
1507,54,5.9,85,96,6.6,10,81.95
1508,61,2.3,58,90,4.6,5,61.32
1509,65,7.2,61,89,7.8,1,79.69
1510,75,7.7,63,56,7.4,1,69.17
1511,75,4.3,84,90,7.9,2,74.36
1512,97,7.2,51,92,8.8,4,69.62
1513,70,1.0,69,53,7.9,6,49.18
1514,88,6.7,77,66,7.1,8,78.58
1515,85,2.6,92,57,8.3,3,61.47
1516,82,7.4,70,67,7.4,1,65.92
1517,79,1.0,75,90,6.0,3,56.97
1518,86,4.9,58,86,8.4,3,61.7
1519,72,6.3,87,86,5.1,5,72.98
1520,59,2.8,84,43,7.6,4,58.32
1521,54,2.4,75,46,8.4,4,62.4
1522,85,1.6,69,84,7.7,9,72.31
1523,83,3.3,94,74,7.5,7,77.5
1524,80,4.9,88,87,7.8,4,67.87
1525,59,1.8,94,48,6.3,3,56.5
1526,68,3.6,72,47,8.4,6,60.33
1527,81,1.1,57,91,5.0,3,58.63
1528,50,6.7,91,84,4.6,6,73.05
1529,54,1.9,88,56,5.4,9,69.06
1530,94,3.0,67,56,6.7,6,64.24
1531,53,1.1,86,88,6.6,4,60.87
1532,65,4.0,50,72,8.1,5,49.59
1533,73,6.9,93,71,6.0,6,78.1
1534,65,3.7,84,47,6.4,3,64.95
1535,51,2.3,72,58,4.1,8,58.61
1536,98,6.3,56,77,6.0,4,61.31
1537,77,6.5,45,42,7.2,8,61.05
1538,81,2.2,43,98,4.1,10,72.99
1539,76,6.4,59,44,5.4,10,67.0
1540,69,7.6,87,52,5.0,3,72.34
1541,73,2.2,86,86,4.2,10,79.23
1542,61,6.4,66,85,6.4,7,71.48
1543,99,6.0,54,100,4.9,9,83.98
1544,84,4.3,45,70,7.7,4,63.13
1545,82,1.4,86,94,8.2,8,75.88
1546,82,1.5,53,55,6.7,3,53.02
1547,100,7.0,50,89,8.9,7,77.01
1548,92,7.9,78,71,6.3,3,76.11
1549,86,5.7,48,61,6.6,7,62.04
1550,61,4.1,65,68,8.9,10,59.05
1551,52,5.5,55,61,5.2,10,69.21
1552,50,5.2,44,82,8.7,6,61.28
1553,82,3.7,91,42,4.2,2,67.1
1554,89,1.5,49,93,6.2,3,66.67
1555,59,6.8,89,49,4.4,6,69.56
1556,92,3.6,42,81,7.6,4,55.75
1557,93,6.7,52,60,7.0,6,69.26
1558,78,2.8,82,55,7.5,1,55.91
1559,62,1.0,88,51,5.9,10,50.48
1560,61,2.1,69,41,5.8,1,44.61
1561,80,4.3,93,80,4.2,3,70.98
1562,95,7.6,84,63,5.7,8,79.55
1563,51,1.7,45,74,8.6,8,49.42
1564,100,7.0,56,95,5.9,4,71.39
1565,99,4.7,84,69,8.2,6,77.89
1566,84,6.8,90,96,8.2,8,97.4
1567,72,3.1,92,69,5.9,7,75.62
1568,66,6.9,58,86,7.2,7,76.42
1569,75,6.4,81,74,4.5,4,75.93
1570,57,2.6,74,58,4.5,9,58.84
1571,78,1.9,85,89,4.2,10,62.71
1572,75,7.1,65,47,6.9,6,66.39
1573,59,7.7,90,65,6.1,3,68.09
1574,75,1.2,44,88,6.7,5,56.1
1575,83,6.1,68,79,6.6,5,79.48
1576,100,7.4,76,46,5.8,5,84.79
1577,90,7.0,59,69,7.4,8,76.48
1578,56,7.8,88,46,7.8,9,66.9
1579,53,6.3,60,42,4.1,9,61.34
1580,99,4.1,49,40,5.0,6,59.53
1581,94,3.2,44,75,7.6,6,66.42
1582,60,3.2,75,64,5.9,9,63.73
1583,78,6.1,45,76,7.3,4,65.69
1584,85,6.2,65,40,5.7,6,62.76
1585,74,2.4,43,54,6.0,4,48.12
1586,70,7.1,78,76,4.8,1,72.68
1587,85,6.0,78,52,5.3,7,61.8
1588,59,4.9,89,79,7.0,10,74.4
1589,86,4.3,74,47,6.2,6,68.73
1590,58,4.8,40,44,7.9,9,63.99
1591,73,2.1,63,99,8.3,7,65.02
1592,84,2.4,75,48,6.7,7,67.8
1593,98,1.6,45,40,7.8,2,57.63
1594,84,2.1,80,75,5.5,9,67.18
1595,97,4.2,93,74,6.1,10,78.55
1596,85,4.7,85,41,7.6,9,70.51
1597,67,1.1,83,79,5.9,6,61.57
1598,98,6.6,70,62,6.9,3,78.29
1599,88,3.1,59,48,4.9,1,49.55
1600,81,7.4,63,73,7.0,4,80.63
1601,73,7.8,64,85,8.3,3,70.71
1602,72,2.3,75,53,8.3,1,48.79
1603,81,4.2,60,43,7.6,3,60.14
1604,86,1.0,69,69,7.7,4,65.18
1605,61,5.2,63,70,6.8,8,67.62
1606,98,5.3,83,77,6.9,9,84.01
1607,62,2.7,81,50,4.7,3,64.78
1608,72,4.9,69,74,6.2,6,74.37
1609,74,2.6,61,47,6.3,10,59.6
1610,84,2.1,67,42,8.8,5,54.93
1611,90,5.6,46,53,6.2,6,69.02
1612,79,3.3,74,99,6.7,4,74.22
1613,66,5.1,94,52,6.7,10,75.67
1614,98,4.0,67,84,7.2,6,71.51
1615,69,7.9,53,71,7.7,7,71.9
1616,97,2.0,95,73,5.1,9,73.85
1617,74,4.3,49,84,6.6,10,66.71
1618,71,5.8,55,100,8.1,7,70.94
1619,62,3.8,55,58,6.3,6,58.08
1620,68,7.8,93,98,5.4,1,76.72
1621,98,6.1,70,77,7.3,2,74.69
1622,85,5.6,81,55,8.1,1,57.25
1623,61,6.3,64,41,4.3,9,60.54
1624,90,7.7,52,79,7.9,10,85.93
1625,68,7.4,45,56,8.1,10,64.55
1626,61,6.1,83,94,6.3,9,82.46
1627,58,6.2,48,73,8.9,7,61.56
1628,56,2.0,84,81,7.9,2,63.67
1629,77,1.7,75,99,7.9,6,67.1
1630,63,5.0,95,55,7.7,4,66.44
1631,80,1.1,82,77,4.8,1,58.59
1632,68,4.4,59,99,5.1,1,56.27
1633,96,2.5,57,41,6.3,5,61.26
1634,65,3.4,82,41,5.3,2,61.66
1635,54,6.4,60,65,6.1,4,60.39
1636,84,7.6,43,52,8.4,1,65.24
1637,61,1.5,89,95,8.1,4,69.59
1638,74,4.7,72,86,7.2,6,71.29
1639,70,7.2,66,70,8.3,10,71.57
1640,85,1.6,46,99,7.9,4,68.66
1641,72,6.8,45,73,6.1,1,59.68
1642,65,3.5,54,78,5.0,7,57.58
1643,88,3.3,57,42,6.6,2,62.36
1644,94,7.8,71,47,7.7,9,81.78
1645,91,2.4,95,62,6.2,3,68.08
1646,88,5.9,50,53,7.3,8,62.65
1647,63,6.8,59,95,4.5,8,77.86
1648,80,1.3,63,94,7.7,3,75.56
1649,54,5.7,54,66,8.1,4,64.65
1650,84,7.7,87,93,7.5,2,85.05
1651,72,1.9,46,68,8.8,4,56.74
1652,78,7.3,60,78,8.1,9,76.31
1653,92,5.2,81,92,8.5,2,75.08
1654,60,5.3,65,78,8.7,3,63.18
1655,67,5.3,83,40,8.0,4,60.97
1656,96,3.1,95,56,7.4,5,69.25
1657,61,7.5,53,80,4.0,1,61.64
1658,58,7.6,76,69,6.3,7,72.68
1659,59,5.4,60,92,6.9,10,71.17
1660,93,6.5,57,52,5.5,7,70.77
1661,66,5.3,44,60,5.6,9,61.96
1662,87,4.4,42,58,8.8,4,60.23
1663,56,5.6,62,92,8.5,6,77.43
1664,95,4.9,65,58,8.2,2,66.04
1665,62,5.2,76,96,6.0,4,81.99
1666,89,6.5,63,64,4.1,2,68.64
1667,91,4.4,88,61,4.4,10,73.61
1668,58,1.3,58,70,5.6,5,58.21
1669,99,2.1,90,56,4.1,7,67.63
1670,76,4.1,64,94,4.1,1,51.56
1671,51,6.1,60,62,8.6,10,67.61
1672,54,5.2,51,71,7.5,10,63.67
1673,78,5.6,80,49,5.5,7,77.49
1674,86,4.4,72,49,4.7,10,64.12
1675,87,5.3,89,75,6.6,6,75.9
1676,68,3.3,92,47,4.0,6,68.81
1677,57,4.3,43,93,8.7,8,66.31
1678,97,6.2,81,91,6.1,8,83.88
1679,94,7.1,46,59,6.0,6,65.4
1680,50,4.0,61,71,6.0,3,57.54
1681,71,1.3,94,89,4.3,5,65.99
1682,66,2.1,72,53,7.2,2,49.21
1683,56,1.1,56,89,7.7,5,51.45
1684,74,5.6,63,67,7.4,9,66.99
1685,94,3.3,73,85,4.7,10,69.95
1686,53,4.8,67,91,6.9,1,67.05
1687,85,4.5,82,92,6.8,10,84.92
1688,55,1.6,80,63,8.3,5,61.89
1689,80,3.8,78,54,5.9,6,65.1
1690,68,2.5,61,61,5.9,7,56.36
1691,93,3.9,88,69,7.1,9,75.97
1692,88,2.4,56,43,7.2,6,61.31
1693,76,6.9,73,52,6.3,5,60.5
1694,59,2.2,45,98,6.2,7,56.02
1695,75,7.7,85,62,6.5,1,68.07
1696,68,3.9,45,47,8.3,5,60.41
1697,88,6.9,73,57,6.3,2,67.61
1698,52,5.4,40,51,8.7,4,44.75
1699,94,6.1,49,94,6.5,7,76.83
1700,62,6.4,60,70,8.7,5,65.38
1701,99,4.5,44,53,8.2,6,60.42
1702,77,4.8,41,73,5.8,2,54.17
1703,69,4.6,61,57,8.3,3,56.06
1704,77,5.1,87,95,4.6,7,82.0
1705,57,1.2,41,73,8.6,2,47.15
1706,90,3.8,49,50,7.2,6,58.76
1707,88,5.2,73,80,4.3,5,66.75
1708,50,5.2,55,51,7.2,10,60.11
1709,52,6.6,87,88,8.9,1,73.5
1710,62,5.6,90,54,4.3,10,73.58
1711,77,7.9,78,96,6.8,4,82.43
1712,98,3.0,61,70,7.7,2,58.01
1713,74,3.5,51,88,8.1,4,50.38
1714,82,3.7,63,97,6.1,1,74.19
1715,87,4.3,86,68,5.0,2,61.48
1716,55,6.9,79,65,4.2,8,61.51
1717,93,2.7,77,57,6.9,6,66.49
1718,94,6.4,49,71,6.3,2,58.21
1719,81,3.8,74,61,8.7,6,63.21
1720,94,5.2,90,77,4.3,10,84.83
1721,96,5.4,88,56,7.4,9,87.87
1722,70,3.6,71,62,4.1,7,64.37
1723,65,4.6,46,63,4.9,9,58.13
1724,70,3.9,60,89,6.3,5,64.79
1725,60,1.5,59,47,6.3,7,41.36
1726,86,4.1,65,80,7.4,7,68.56
1727,85,1.7,43,45,8.6,3,46.53
1728,84,3.8,85,44,7.2,7,68.12
1729,68,5.2,91,83,8.8,1,81.55
1730,69,5.1,61,96,8.4,9,64.98
1731,67,5.6,54,68,6.9,10,66.29
1732,96,1.7,95,67,8.2,6,61.99
1733,90,5.6,79,50,7.2,5,68.23
1734,98,3.2,60,96,4.4,7,66.92
1735,63,3.8,54,40,7.7,5,45.41
1736,64,7.0,61,82,4.5,10,79.02
1737,80,1.1,91,58,7.0,5,63.27
1738,50,5.1,67,48,7.5,10,67.25
1739,52,5.2,53,66,4.3,7,56.58
1740,65,3.8,66,73,5.2,10,66.14
1741,72,2.7,80,83,8.6,7,77.5
1742,60,2.6,79,43,7.1,3,53.78
1743,61,7.2,67,75,5.2,3,71.88
1744,59,4.1,65,57,7.5,10,60.78
1745,81,3.3,88,54,7.0,3,67.72
1746,65,4.1,41,90,6.5,6,58.37
1747,57,5.7,64,52,8.9,6,53.51
1748,87,2.0,95,58,7.4,3,64.82
1749,61,4.1,42,88,5.9,3,54.48
1750,73,5.1,47,45,8.0,8,52.42
1751,77,7.6,83,87,8.4,8,86.17
1752,57,2.8,72,95,4.6,7,60.49
1753,77,3.5,81,51,5.0,10,82.84
1754,85,3.7,91,90,5.1,4,66.51
1755,75,5.2,74,76,7.5,4,63.8
1756,57,3.5,45,56,7.0,3,53.84
1757,99,4.7,78,97,7.1,5,78.73
1758,77,6.5,91,62,8.7,3,78.88
1759,77,5.9,62,65,7.9,8,72.94
1760,86,4.1,64,68,4.6,7,63.69
1761,90,7.0,89,72,5.7,3,71.42
1762,85,4.9,82,99,6.2,9,87.35
1763,76,4.8,58,66,6.0,5,56.79
1764,66,1.2,44,64,7.3,9,55.85
1765,58,7.9,90,95,8.5,7,89.17
1766,82,1.9,50,94,5.5,7,61.87
1767,69,2.6,95,49,6.8,6,62.11
1768,62,1.4,51,86,7.9,2,47.32
1769,77,5.5,49,62,6.1,9,68.5
1770,97,2.6,47,60,4.8,6,43.09
1771,78,2.3,63,60,6.4,8,64.23
1772,62,1.6,67,82,4.3,1,53.54
1773,95,1.7,80,52,8.7,5,62.37
1774,84,5.1,75,76,4.4,1,68.16
1775,55,5.8,76,72,6.2,10,65.48
1776,67,3.8,60,63,6.6,8,50.1
1777,100,4.4,47,83,8.9,8,74.64
1778,54,5.8,94,50,4.8,1,69.05
1779,96,1.1,48,56,4.6,9,48.01
1780,74,3.3,86,43,4.0,2,52.11
1781,51,7.8,54,86,4.8,9,75.83
1782,59,5.1,87,64,5.0,1,64.67
1783,79,2.8,85,69,7.2,10,86.67
1784,99,4.7,79,48,5.1,9,78.11
1785,94,3.4,57,60,4.1,4,64.0
1786,54,4.7,81,59,8.1,9,64.28
1787,82,1.9,59,58,5.8,7,60.35
1788,50,1.9,45,58,5.8,6,54.3
1789,67,2.0,51,51,5.5,5,48.58
1790,81,7.6,41,76,8.9,9,74.01
1791,96,6.1,46,81,4.9,2,67.58
1792,98,2.1,55,56,8.5,2,53.2
1793,60,2.3,42,76,7.9,9,58.18
1794,70,6.1,84,93,4.4,3,75.51
1795,75,2.1,42,87,8.9,8,68.49
1796,74,2.6,66,78,5.4,9,64.45
1797,71,7.7,89,67,4.5,8,82.97
1798,76,2.8,82,80,8.1,4,66.4
1799,98,5.6,79,74,7.5,1,76.52
1800,62,7.9,77,86,7.1,4,75.29
1801,82,3.6,72,87,4.8,9,75.33
1802,83,1.1,67,57,6.4,2,56.7
1803,90,2.7,40,53,7.9,3,47.41
1804,84,6.8,94,74,5.5,10,90.67
1805,50,7.1,47,83,5.6,8,66.38
1806,70,6.4,76,80,4.0,6,70.87
1807,97,1.8,71,99,4.9,8,68.62
1808,55,6.6,87,46,8.4,7,71.61
1809,77,7.4,82,80,6.2,5,78.82
1810,66,5.2,76,52,8.9,9,71.4
1811,54,7.6,43,57,6.0,4,61.23
1812,80,6.8,69,76,7.6,6,78.72
1813,54,5.7,45,52,5.4,2,65.58
1814,87,5.0,85,75,5.8,2,71.57
1815,52,3.4,93,70,5.0,2,57.25
1816,72,2.1,58,41,5.7,10,45.42
1817,86,5.2,71,55,6.7,7,63.7
1818,86,3.2,48,48,9.0,2,59.98
1819,59,7.1,51,48,7.3,2,61.56
1820,59,8.0,50,77,5.0,9,64.73
1821,68,6.3,85,50,4.2,7,82.25
1822,66,1.6,94,93,4.6,3,66.49
1823,70,3.0,55,95,6.8,3,63.33
1824,63,1.8,40,61,7.8,7,61.85
1825,58,5.6,84,72,8.7,5,79.53
1826,95,6.4,94,75,4.1,10,89.68
1827,50,7.5,92,84,6.6,6,82.36
1828,100,4.1,60,62,6.4,8,73.82
1829,94,7.3,69,84,7.3,9,82.95
1830,62,7.1,52,84,6.8,1,66.16
1831,53,3.2,73,73,7.4,3,61.43
1832,50,7.1,43,48,7.3,7,58.52
1833,98,3.6,67,63,4.6,6,61.68
1834,89,3.1,77,47,8.0,7,64.31
1835,81,5.5,70,46,4.6,8,62.27
1836,83,3.3,94,75,7.5,6,73.84
1837,77,5.4,66,57,6.1,3,54.29
1838,80,5.3,44,42,6.6,2,56.02
1839,57,4.9,64,67,8.5,7,56.62
1840,88,3.7,42,45,8.4,1,50.0
1841,75,4.8,72,83,8.1,3,71.62
1842,83,5.2,43,83,6.6,4,68.57
1843,52,4.8,64,60,7.7,1,59.04
1844,99,4.1,59,67,6.6,5,68.47
1845,61,1.1,73,79,8.3,10,58.01
1846,50,5.1,65,93,6.0,3,68.84
1847,93,2.2,44,93,8.9,2,55.16
1848,54,5.5,74,40,8.7,3,64.36
1849,79,6.3,67,75,7.7,8,78.72
1850,79,4.5,68,60,5.4,6,71.84
1851,66,4.8,48,99,4.7,7,66.74
1852,97,7.7,91,82,8.3,6,84.32
1853,96,6.9,77,74,4.8,6,72.7
1854,72,7.4,89,52,8.3,3,67.25
1855,64,6.7,45,96,6.5,8,63.43
1856,86,1.8,58,88,6.0,7,68.84
1857,70,2.0,83,93,8.5,7,75.41
1858,63,4.7,50,93,7.0,6,68.11
1859,51,2.7,41,49,6.9,5,45.67
1860,60,4.3,86,92,6.8,10,86.73
1861,100,3.8,83,83,5.9,8,77.64
1862,88,4.8,83,86,7.9,5,78.04
1863,87,6.2,48,92,5.3,9,75.01
1864,83,6.0,60,49,8.7,9,68.54
1865,87,4.6,63,85,8.5,1,70.53
1866,99,6.8,73,52,5.7,6,71.45
1867,83,4.0,61,76,7.6,7,64.77
1868,67,7.3,42,77,6.9,3,67.79
1869,79,1.5,51,63,5.7,7,52.58
1870,64,7.7,67,41,8.9,7,69.61
1871,76,5.6,69,61,4.1,2,61.22
1872,100,3.7,65,56,5.3,7,66.59
1873,83,2.4,87,75,6.6,1,60.65
1874,87,4.4,60,53,6.6,5,59.46
1875,82,2.4,67,49,6.9,9,57.68
1876,73,2.2,95,74,7.8,7,74.2
1877,64,5.3,65,64,7.1,7,66.9
1878,79,4.7,72,42,7.0,2,64.43
1879,91,5.7,60,86,4.3,8,80.17
1880,100,7.5,74,77,5.9,3,76.63
1881,66,4.7,91,56,5.2,8,74.2
1882,54,5.1,73,51,5.3,3,57.87
1883,78,1.6,80,93,6.8,10,71.18
1884,53,6.0,90,91,5.0,7,82.34
1885,59,3.8,86,63,5.5,2,63.22
1886,66,7.8,57,68,5.2,4,65.68
1887,59,6.8,50,82,8.7,6,70.98
1888,66,4.7,62,64,8.7,9,60.75
1889,69,1.9,87,75,7.0,5,65.43
1890,73,7.0,61,97,8.6,9,73.03
1891,54,6.6,56,99,7.9,5,65.57
1892,83,2.3,44,65,6.9,10,63.11
1893,55,3.1,83,77,4.0,8,51.77
1894,51,6.6,50,40,7.9,1,61.6
1895,62,2.3,69,59,7.5,7,62.54
1896,92,7.4,54,94,7.1,4,67.95
1897,92,4.0,66,67,7.8,5,79.63
1898,97,1.6,74,55,6.6,6,75.94
1899,60,6.7,72,86,7.5,5,72.21
1900,100,3.6,59,56,8.7,1,56.15
1901,96,4.7,55,79,5.9,9,81.21
1902,72,1.8,73,67,7.5,2,55.0
1903,65,1.0,41,97,6.4,9,58.51
1904,80,5.5,74,51,7.4,10,78.65
1905,60,4.6,79,66,7.8,2,62.02
1906,65,5.2,95,93,4.2,9,78.48
1907,57,6.6,67,92,7.2,6,66.69
1908,53,5.5,86,81,5.1,9,70.73
1909,89,2.2,78,98,7.4,6,71.21
1910,53,3.5,45,86,6.3,6,51.11
1911,74,7.3,48,69,7.9,2,59.5
1912,52,6.4,59,80,4.6,8,67.87
1913,81,4.9,40,73,7.1,3,50.75
1914,52,2.8,47,76,5.4,7,49.95
1915,76,3.1,94,45,8.3,5,74.78
1916,78,6.1,62,46,8.6,3,61.6
1917,81,7.0,42,71,9.0,1,62.05
1918,99,5.7,43,71,8.0,8,69.69
1919,100,6.7,64,92,7.8,3,76.81
1920,68,6.4,86,64,5.1,2,71.61
1921,70,2.0,77,72,5.7,1,59.34
1922,54,4.0,54,94,6.3,4,58.65
1923,67,2.1,60,97,7.9,8,64.37
1924,77,2.6,74,46,8.6,3,63.94
1925,91,7.1,92,91,4.9,1,73.32
1926,71,4.3,92,96,8.6,4,75.64
1927,70,4.7,85,51,7.5,9,71.04
1928,55,2.2,91,55,7.1,1,51.31
1929,50,3.2,53,55,5.0,2,46.45
1930,54,2.6,75,82,4.3,9,59.28
1931,90,2.4,51,92,6.8,2,64.11
1932,61,5.5,56,75,7.3,3,55.31
1933,75,2.8,78,52,5.1,7,67.05
1934,95,5.4,48,46,6.8,3,60.11
1935,83,1.4,74,75,8.3,9,64.97
1936,98,2.0,52,86,8.2,6,60.33
1937,63,2.9,54,90,8.6,3,64.28
1938,75,5.2,57,48,5.8,9,60.81
1939,94,5.7,90,71,5.6,1,68.02
1940,76,4.1,72,50,7.7,10,72.99
1941,58,4.1,45,47,6.2,3,44.42
1942,75,6.1,66,72,4.4,1,64.12
1943,96,1.1,62,62,5.4,2,58.94
1944,71,3.4,66,64,6.1,8,64.18
1945,96,6.7,73,95,5.5,7,91.91
1946,79,5.2,95,47,5.7,2,62.94
1947,92,3.4,85,84,5.5,2,68.95
1948,97,7.3,77,61,4.2,9,79.77
1949,66,6.4,53,98,7.2,6,75.16
1950,75,2.9,75,43,7.0,5,64.93
1951,85,5.5,92,79,7.3,10,83.97
1952,50,5.2,47,42,5.0,6,51.24
1953,57,3.8,74,68,5.5,9,57.64
1954,98,3.6,58,80,7.1,7,70.61
1955,84,3.4,69,68,7.0,10,66.79
1956,64,5.3,53,73,6.5,10,70.6
1957,96,4.1,59,73,5.8,9,68.97
1958,71,6.8,88,67,8.6,4,74.17
1959,63,5.7,64,52,5.7,2,51.12
1960,75,1.5,79,54,6.3,8,51.74
1961,77,5.5,63,99,7.4,4,82.12
1962,72,2.9,53,62,6.7,9,60.67
1963,63,5.1,65,83,5.7,4,67.39
1964,73,5.8,77,65,6.2,8,68.23
1965,51,2.6,62,43,8.0,9,58.62
1966,94,4.2,61,65,5.4,9,73.03
1967,75,2.3,87,79,4.7,10,66.9
1968,63,1.4,58,48,5.6,4,42.01
1969,100,3.6,85,94,8.2,1,70.94
1970,56,3.5,90,44,4.4,3,56.55
1971,52,8.0,42,95,9.0,9,74.74
1972,96,4.1,81,71,6.7,4,71.81
1973,72,3.3,58,59,8.9,5,65.39
1974,95,5.1,48,89,8.7,7,69.81
1975,92,1.6,67,50,6.3,5,52.22
1976,96,7.7,59,54,5.0,4,70.78
1977,94,5.4,84,71,4.8,2,63.7
1978,67,6.3,46,67,5.2,2,62.42
1979,87,2.2,53,61,7.6,4,57.06
1980,84,3.9,48,80,5.4,10,65.86
1981,100,4.0,94,56,5.7,10,75.9
1982,64,6.8,58,98,6.2,9,80.89
1983,74,1.0,86,65,8.6,8,68.97
1984,86,3.1,91,83,4.9,3,68.79
1985,77,7.9,53,46,4.0,9,71.78
1986,59,4.3,95,81,4.3,5,74.21
1987,88,3.7,77,96,8.5,3,74.7
1988,66,1.8,92,65,7.2,5,61.67
1989,88,7.8,75,64,5.4,10,83.56
1990,71,1.1,79,49,4.9,4,48.03
1991,75,6.2,56,98,5.5,8,75.51
1992,93,6.4,69,84,4.6,5,75.04
1993,74,2.7,48,58,8.7,10,58.03
1994,66,5.7,72,50,7.9,8,59.21
1995,62,1.7,95,52,6.3,9,58.16
1996,69,2.8,91,92,8.3,4,68.13
1997,74,6.5,64,47,5.2,7,70.81
1998,53,7.1,53,79,7.6,2,65.05
1999,59,5.3,50,43,8.3,6,61.46
2000,52,4.5,92,86,5.8,8,79.29
